-- phpMyAdmin SQL Dump
-- version 5.0.4deb2+deb11u1
-- https://www.phpmyadmin.net/
--
-- Hôte : localhost:3306
-- Généré le : mar. 29 nov. 2022 à 21:15
-- Version du serveur :  10.5.15-MariaDB-0+deb11u1-log
-- Version de PHP : 7.4.30

SET SQL_MODE = "NO_AUTO_VALUE_ON_ZERO";
START TRANSACTION;
SET time_zone = "+00:00";


/*!40101 SET @OLD_CHARACTER_SET_CLIENT=@@CHARACTER_SET_CLIENT */;
/*!40101 SET @OLD_CHARACTER_SET_RESULTS=@@CHARACTER_SET_RESULTS */;
/*!40101 SET @OLD_COLLATION_CONNECTION=@@COLLATION_CONNECTION */;
/*!40101 SET NAMES utf8mb4 */;

--
-- Base de données : `MABANQUE`
--

-- --------------------------------------------------------

--
-- Structure de la table `client`
--

CREATE TABLE `client` (
  `idclient` int(5) NOT NULL,
  `nom` varchar(128) NOT NULL,
  `prenom` varchar(128) NOT NULL,
  `ville` varchar(128) NOT NULL
) ENGINE=InnoDB DEFAULT CHARSET=utf8mb4;

--
-- Déchargement des données de la table `client`
--

INSERT INTO `client` (`idclient`, `nom`, `prenom`, `ville`) VALUES
(1, 'Ewing', 'Grant', 'Strasbourg'),
(2, 'Buck', 'Violet', 'Brest'),
(3, 'Hood', 'Isabelle', 'Paris'),
(4, 'Small', 'Germane', 'Nice'),
(5, 'Hancock', 'Vincent', 'Marseille'),
(6, 'Mayo', 'Gwendolyn', 'Lyon'),
(7, 'Dean', 'Emi', 'Lyon'),
(8, 'Salinas', 'Debra', 'Quimper'),
(9, 'Hunter', 'Jesse', 'Strasbourg'),
(10, 'Morin', 'Fulton', 'Toulouse'),
(11, 'Duke', 'Aladdin', 'Bordeaux'),
(12, 'Parsons', 'Leroy', 'Paris'),
(13, 'Coffey', 'Dominique', 'Strasbourg'),
(14, 'Bird', 'Britanney', 'Palaiseau'),
(15, 'Cooke', 'Julian', 'Toulouse'),
(16, 'Raymond', 'Venus', 'Lyon'),
(17, 'Lynch', 'Austin', 'Marseille'),
(18, 'Morgan', 'Edan', 'Bordeaux'),
(19, 'Carpenter', 'Sage', 'Saint-Etienne'),
(20, 'Valenzuela', 'Francis', 'Orléans'),
(21, 'Rodriquez', 'Sylvia', 'Brest'),
(22, 'Perry', 'Isabella', 'Clermont-Ferrand'),
(23, 'Beard', 'Jordan', 'Rouen'),
(24, 'Clarke', 'Yvette', 'Mulhouse'),
(25, 'Huber', 'April', 'Nantes'),
(26, 'Joyner', 'Eliana', 'Rouen'),
(27, 'Little', 'Leigh', 'Limoges'),
(28, 'Reilly', 'Karina', 'Nantes'),
(29, 'Gilmore', 'Sean', 'Angers'),
(30, 'Gates', 'Ora', 'Rue d\'Ulm'),
(31, 'Hines', 'Wylie', 'X'),
(32, 'Thornton', 'Brenda', 'Palaiseau'),
(33, 'Mclaughlin', 'Caldwell', 'Strasbourg'),
(34, 'Schmidt', 'Dorian', 'Mulhouse'),
(35, 'Hines', 'Rose', 'Nancy'),
(36, 'Cooke', 'Jordan', 'Metz'),
(37, 'Gallegos', 'Otto', 'Reims'),
(38, 'Pennington', 'Adrian', 'Montpellier'),
(39, 'Howard', 'Brynne', 'Nancy'),
(40, 'Sullivan', 'Isadora', 'Perpignan'),
(41, 'Cleveland', 'Yoshio', 'Cannes'),
(42, 'Mcpherson', 'Cyrus', 'Nice'),
(43, 'Lee', 'Dustin', 'Lyon'),
(44, 'Cobb', 'Alexandra', 'Marseille'),
(45, 'Mays', 'Latifah', 'Angers'),
(46, 'Grant', 'Prescott', 'Paris'),
(47, 'Hill', 'Olivia', 'Paris'),
(48, 'Livingston', 'Adria', 'Versailles'),
(49, 'Rush', 'Lev', 'Brest'),
(50, 'Shepard', 'Summer', 'Mulhouse'),
(51, 'Rutledge', 'Maggy', 'Rangen'),
(52, 'Shepherd', 'Isa', 'Belfort'),
(53, 'Peters', 'Odette', 'Orléans'),
(54, 'Maddox', 'Hammett', 'Limanges'),
(55, 'Greer', 'Echo', 'Mande'),
(56, 'Burch', 'Rebecca', 'Arcachon'),
(57, 'Hunt', 'Madaline', 'Clermont-Ferrand'),
(58, 'Peck', 'Keiko', 'Bayonne'),
(59, 'Roberson', 'Lewis', 'Pré-au-Lard'),
(60, 'Dumbledore', 'Albus', 'Poudlard'),
(61, 'Rogue', 'Severus', 'Poudlard'),
(62, 'Wells', 'Bethany', 'Bologne'),
(63, 'Faulkner', 'Ramona', 'Lille'),
(64, 'Diaz', 'Ivory', 'Calais'),
(65, 'Booker', 'Ahmed', 'Lille'),
(66, 'Conrad', 'Sara', 'Lens'),
(67, 'Roy', 'Winifred', 'Lille'),
(68, 'Blanchard', 'Chiquita', 'Valencienne'),
(69, 'Green', 'Ulric', 'Calais'),
(70, 'Robles', 'Paloma', 'Amiens'),
(71, 'Watts', 'Uma', 'Amiens'),
(72, 'Barry', 'Xavier', 'Nice'),
(73, 'Gaines', 'Rosalyn', 'Marseille'),
(74, 'Romero', 'Uriah', 'Aix-en-Provence'),
(75, 'Wilkinson', 'Ariana', 'Carpentras'),
(76, 'Aguirre', 'Amir', 'Carpentras'),
(77, 'MacGonagall', 'Minerva', 'Poudlard'),
(78, 'Montoya', 'Martina', 'Orange'),
(79, 'Eaton', 'Lacy', 'La Roche-sur-Yon'),
(80, 'Baldwin', 'Charity', 'Avignon'),
(81, 'Mercer', 'Quinn', 'Grenoble'),
(82, 'Rojas', 'Lisandra', 'Montauban'),
(83, 'Campos', 'Melissa', 'Besançon'),
(84, 'Finley', 'Myra', 'Belfort'),
(85, 'Gill', 'Mari', 'Strasboug'),
(86, 'Guerra', 'Leonard', 'Besançon'),
(87, 'Floyd', 'Taylor', 'Reims'),
(88, 'Burns', 'Steel', 'Reims'),
(89, 'Hobbs', 'Sydney', 'Blenheim'),
(90, 'Fry', 'Sierra', 'Paris'),
(91, 'Little', 'Nero', 'Lyon'),
(92, 'Weeks', 'Lamar', 'Lille'),
(93, 'Alvarado', 'Jerry', 'Palaiseau'),
(94, 'Becker', 'Buckminster', 'Paris'),
(95, 'Short', 'Conan', 'Rennes'),
(96, 'Koch', 'Alexa', 'Nantes'),
(97, 'Sparks', 'Nina', 'Nice'),
(98, 'Mathews', 'Elmo', 'Marseille'),
(99, 'Slater', 'Donovan', 'Strasbourg'),
(100, 'Sparks', 'Steel', 'Bordeaux');

-- --------------------------------------------------------

--
-- Structure de la table `compte`
--

CREATE TABLE `compte` (
  `idcompte` int(5) NOT NULL,
  `idproprietaire` int(5) NOT NULL,
  `type` varchar(128) NOT NULL
) ENGINE=InnoDB DEFAULT CHARSET=utf8mb4;

--
-- Déchargement des données de la table `compte`
--

INSERT INTO `compte` (`idcompte`, `idproprietaire`, `type`) VALUES
(1, 70, 'Plan Epargne Actions'),
(2, 48, 'Livret A'),
(3, 87, 'Assurance Vie'),
(4, 5, 'Compte Courant'),
(5, 63, 'Assurance Vie'),
(6, 67, 'Assurance Vie'),
(7, 75, 'Compte Courant'),
(8, 87, 'Compte Courant'),
(9, 3, 'Assurance Vie'),
(10, 87, 'Livret A'),
(11, 69, 'Livret A'),
(12, 34, 'Compte Courant'),
(13, 89, 'Livret A'),
(14, 82, 'Assurance Vie'),
(15, 56, 'Compte Courant'),
(16, 6, 'Assurance Vie'),
(17, 52, 'Assurance Vie'),
(18, 9, 'Assurance Vie'),
(19, 57, 'Compte Courant'),
(20, 95, 'Assurance Vie'),
(21, 28, 'Assurance Vie'),
(22, 70, 'Assurance Vie'),
(23, 51, 'Plan Epargne Actions'),
(24, 49, 'Compte Courant'),
(25, 25, 'Compte Courant'),
(26, 79, 'Assurance Vie'),
(27, 70, 'Compte Courant'),
(28, 52, 'Livret A'),
(29, 32, 'Plan Epargne Actions'),
(30, 32, 'Livret A'),
(31, 36, 'Livret A'),
(32, 24, 'Plan Epargne Actions'),
(33, 11, 'Compte Courant'),
(34, 70, 'Compte Courant'),
(35, 17, 'Plan Epargne Actions'),
(36, 61, 'Compte Courant'),
(37, 59, 'Livret A'),
(38, 92, 'Plan Epargne Actions'),
(39, 2, 'Plan Epargne Actions'),
(40, 70, 'Assurance Vie'),
(41, 80, 'Assurance Vie'),
(42, 24, 'Assurance Vie'),
(43, 20, 'Plan Epargne Actions'),
(44, 13, 'Compte Courant'),
(45, 88, 'Livret A'),
(46, 9, 'Compte Courant'),
(47, 24, 'Plan Epargne Actions'),
(48, 100, 'Assurance Vie'),
(49, 69, 'Plan Epargne Actions'),
(50, 96, 'Compte Courant'),
(51, 98, 'Livret A'),
(52, 17, 'Livret A'),
(53, 78, 'Livret A'),
(54, 70, 'Plan Epargne Actions'),
(55, 68, 'Assurance Vie'),
(56, 82, 'Compte Courant'),
(57, 65, 'Assurance Vie'),
(58, 63, 'Plan Epargne Actions'),
(59, 91, 'Livret A'),
(60, 94, 'Compte Courant'),
(61, 73, 'Livret A'),
(62, 92, 'Assurance Vie'),
(63, 50, 'Assurance Vie'),
(64, 9, 'Livret A'),
(65, 60, 'Assurance Vie'),
(66, 99, 'Compte Courant'),
(67, 94, 'Compte Courant'),
(68, 19, 'Plan Epargne Actions'),
(69, 62, 'Livret A'),
(70, 72, 'Assurance Vie'),
(71, 60, 'Assurance Vie'),
(72, 49, 'Livret A'),
(73, 82, 'Plan Epargne Actions'),
(74, 14, 'Assurance Vie'),
(75, 57, 'Plan Epargne Actions'),
(76, 62, 'Assurance Vie'),
(77, 46, 'Livret A'),
(78, 67, 'Assurance Vie'),
(79, 34, 'Compte Courant'),
(80, 43, 'Assurance Vie'),
(81, 73, 'Plan Epargne Actions'),
(82, 12, 'Plan Epargne Actions'),
(83, 38, 'Assurance Vie'),
(84, 70, 'Plan Epargne Actions'),
(85, 86, 'Assurance Vie'),
(86, 15, 'Compte Courant'),
(87, 17, 'Plan Epargne Actions'),
(88, 48, 'Assurance Vie'),
(89, 51, 'Livret A'),
(90, 75, 'Assurance Vie'),
(91, 47, 'Assurance Vie'),
(92, 88, 'Compte Courant'),
(93, 25, 'Compte Courant'),
(94, 56, 'Livret A'),
(95, 29, 'Compte Courant'),
(96, 81, 'Assurance Vie'),
(97, 92, 'Compte Courant'),
(98, 12, 'Livret A'),
(99, 48, 'Compte Courant'),
(100, 87, 'Assurance Vie'),
(101, 29, 'Livret A'),
(102, 97, 'Livret A'),
(103, 56, 'Assurance Vie'),
(104, 36, 'Compte Courant'),
(105, 68, 'Compte Courant'),
(106, 51, 'Livret A'),
(107, 28, 'Compte Courant'),
(108, 44, 'Assurance Vie'),
(109, 71, 'Plan Epargne Actions'),
(110, 5, 'Assurance Vie'),
(111, 77, 'Plan Epargne Actions'),
(112, 18, 'Plan Epargne Actions'),
(113, 94, 'Assurance Vie'),
(114, 46, 'Compte Courant'),
(115, 31, 'Assurance Vie'),
(116, 17, 'Plan Epargne Actions'),
(117, 63, 'Livret A'),
(118, 42, 'Compte Courant'),
(119, 5, 'Compte Courant'),
(120, 100, 'Livret A'),
(121, 19, 'Assurance Vie'),
(122, 28, 'Livret A'),
(123, 69, 'Assurance Vie'),
(124, 86, 'Plan Epargne Actions'),
(125, 46, 'Livret A'),
(126, 54, 'Livret A'),
(127, 34, 'Livret A'),
(128, 30, 'Livret A'),
(129, 91, 'Plan Epargne Actions'),
(130, 98, 'Livret A'),
(131, 64, 'Compte Courant'),
(132, 56, 'Plan Epargne Actions'),
(133, 32, 'Assurance Vie'),
(134, 52, 'Compte Courant'),
(135, 91, 'Assurance Vie'),
(136, 26, 'Compte Courant'),
(137, 89, 'Plan Epargne Actions'),
(138, 95, 'Compte Courant'),
(139, 92, 'Livret A'),
(140, 45, 'Compte Courant'),
(141, 39, 'Plan Epargne Actions'),
(142, 69, 'Compte Courant'),
(143, 21, 'Assurance Vie'),
(144, 71, 'Livret A'),
(145, 15, 'Compte Courant'),
(146, 94, 'Assurance Vie'),
(147, 68, 'Compte Courant'),
(148, 51, 'Livret A'),
(149, 34, 'Plan Epargne Actions'),
(150, 55, 'Assurance Vie'),
(151, 98, 'Assurance Vie'),
(152, 10, 'Compte Courant'),
(153, 81, 'Plan Epargne Actions'),
(154, 90, 'Assurance Vie'),
(155, 15, 'Compte Courant'),
(156, 72, 'Livret A'),
(157, 68, 'Plan Epargne Actions'),
(158, 9, 'Assurance Vie'),
(159, 63, 'Livret A'),
(160, 26, 'Plan Epargne Actions'),
(161, 47, 'Assurance Vie'),
(162, 38, 'Livret A'),
(163, 18, 'Assurance Vie'),
(164, 14, 'Assurance Vie'),
(165, 33, 'Livret A'),
(166, 49, 'Livret A'),
(167, 25, 'Compte Courant'),
(168, 83, 'Plan Epargne Actions'),
(169, 87, 'Livret A'),
(170, 5, 'Livret A'),
(171, 72, 'Compte Courant'),
(172, 87, 'Livret A'),
(173, 92, 'Assurance Vie'),
(174, 61, 'Assurance Vie'),
(175, 58, 'Assurance Vie'),
(176, 83, 'Compte Courant'),
(177, 96, 'Livret A'),
(178, 10, 'Assurance Vie'),
(179, 79, 'Compte Courant'),
(180, 44, 'Plan Epargne Actions'),
(181, 12, 'Livret A'),
(182, 82, 'Assurance Vie'),
(183, 47, 'Compte Courant'),
(184, 37, 'Compte Courant'),
(185, 90, 'Compte Courant'),
(186, 53, 'Assurance Vie'),
(187, 63, 'Plan Epargne Actions'),
(188, 61, 'Livret A'),
(189, 26, 'Compte Courant'),
(190, 78, 'Livret A'),
(191, 52, 'Plan Epargne Actions'),
(192, 93, 'Livret A'),
(193, 16, 'Plan Epargne Actions'),
(194, 37, 'Plan Epargne Actions'),
(195, 8, 'Compte Courant'),
(196, 72, 'Livret A'),
(197, 17, 'Plan Epargne Actions'),
(198, 30, 'Livret A'),
(199, 31, 'Plan Epargne Actions'),
(200, 12, 'Plan Epargne Actions'),
(201, 82, 'Livret A'),
(202, 51, 'Plan Epargne Actions'),
(203, 49, 'Livret A'),
(204, 94, 'Plan Epargne Actions'),
(205, 91, 'Compte Courant'),
(206, 65, 'Assurance Vie'),
(207, 35, 'Plan Epargne Actions'),
(208, 92, 'Compte Courant'),
(209, 42, 'Assurance Vie'),
(210, 29, 'Plan Epargne Actions'),
(211, 72, 'Compte Courant'),
(212, 39, 'Plan Epargne Actions'),
(213, 30, 'Livret A'),
(214, 60, 'Livret A'),
(215, 58, 'Compte Courant'),
(216, 40, 'Plan Epargne Actions'),
(217, 21, 'Assurance Vie'),
(218, 54, 'Assurance Vie'),
(219, 3, 'Assurance Vie'),
(220, 40, 'Compte Courant'),
(221, 33, 'Assurance Vie'),
(222, 38, 'Assurance Vie'),
(223, 97, 'Assurance Vie'),
(224, 15, 'Livret A'),
(225, 69, 'Livret A'),
(226, 65, 'Compte Courant'),
(227, 7, 'Plan Epargne Actions'),
(228, 2, 'Livret A'),
(229, 22, 'Livret A'),
(230, 74, 'Livret A'),
(231, 13, 'Livret A'),
(232, 30, 'Plan Epargne Actions'),
(233, 94, 'Assurance Vie'),
(234, 47, 'Assurance Vie'),
(235, 84, 'Livret A'),
(236, 28, 'Livret A'),
(237, 95, 'Livret A'),
(238, 10, 'Assurance Vie'),
(239, 60, 'Livret A'),
(240, 6, 'Assurance Vie'),
(241, 87, 'Plan Epargne Actions'),
(242, 46, 'Compte Courant'),
(243, 69, 'Assurance Vie'),
(244, 55, 'Assurance Vie'),
(245, 39, 'Assurance Vie'),
(246, 57, 'Assurance Vie'),
(247, 76, 'Plan Epargne Actions'),
(248, 30, 'Plan Epargne Actions'),
(249, 82, 'Plan Epargne Actions'),
(250, 52, 'Assurance Vie'),
(251, 82, 'Assurance Vie'),
(252, 39, 'Compte Courant'),
(253, 39, 'Compte Courant'),
(254, 15, 'Compte Courant'),
(255, 12, 'Compte Courant'),
(256, 62, 'Livret A'),
(257, 26, 'Plan Epargne Actions'),
(258, 17, 'Plan Epargne Actions'),
(259, 92, 'Assurance Vie'),
(260, 45, 'Plan Epargne Actions'),
(261, 94, 'Compte Courant'),
(262, 61, 'Assurance Vie'),
(263, 46, 'Assurance Vie'),
(264, 47, 'Compte Courant'),
(265, 92, 'Assurance Vie'),
(266, 25, 'Assurance Vie'),
(267, 19, 'Assurance Vie'),
(268, 96, 'Plan Epargne Actions'),
(269, 25, 'Livret A'),
(270, 15, 'Plan Epargne Actions'),
(271, 51, 'Compte Courant'),
(272, 89, 'Plan Epargne Actions'),
(273, 52, 'Livret A'),
(274, 7, 'Plan Epargne Actions'),
(275, 96, 'Compte Courant'),
(276, 55, 'Assurance Vie'),
(277, 77, 'Compte Courant'),
(278, 12, 'Livret A'),
(279, 45, 'Plan Epargne Actions'),
(280, 42, 'Plan Epargne Actions'),
(281, 62, 'Compte Courant'),
(282, 87, 'Livret A'),
(283, 82, 'Plan Epargne Actions'),
(284, 5, 'Assurance Vie'),
(285, 26, 'Assurance Vie'),
(286, 76, 'Assurance Vie'),
(287, 44, 'Assurance Vie'),
(288, 30, 'Compte Courant'),
(289, 86, 'Compte Courant'),
(290, 3, 'Assurance Vie'),
(291, 25, 'Assurance Vie'),
(292, 27, 'Plan Epargne Actions'),
(293, 67, 'Compte Courant'),
(294, 38, 'Assurance Vie'),
(295, 92, 'Livret A'),
(296, 83, 'Compte Courant'),
(297, 3, 'Livret A'),
(298, 62, 'Plan Epargne Actions'),
(299, 59, 'Livret A'),
(300, 81, 'Plan Epargne Actions');

-- --------------------------------------------------------

--
-- Structure de la table `operation`
--

CREATE TABLE `operation` (
  `idop` int(5) NOT NULL,
  `idcompte` int(5) NOT NULL,
  `montant` decimal(10,2) NOT NULL,
  `informations` text NOT NULL
) ENGINE=InnoDB DEFAULT CHARSET=utf8mb4;

--
-- Déchargement des données de la table `operation`
--

INSERT INTO `operation` (`idop`, `idcompte`, `montant`, `informations`) VALUES
(1, 6, '-462.19', 'Guichet'),
(2, 269, '-288.97', 'Guichet'),
(3, 163, '-216.73', 'Virement'),
(4, 236, '-298.66', 'Guichet'),
(5, 168, '318.98', 'Guichet'),
(6, 176, '-255.45', 'Guichet'),
(7, 31, '-160.75', 'Virement'),
(8, 44, '-4.46', 'Guichet'),
(9, 254, '194.74', 'Guichet'),
(10, 234, '294.12', 'Cheque'),
(11, 297, '-466.13', 'Guichet'),
(12, 286, '437.22', 'Virement'),
(13, 72, '-102.74', 'Cheque'),
(14, 67, '61.34', 'Guichet'),
(15, 39, '-246.70', 'Cheque'),
(16, 239, '125.71', 'Virement'),
(17, 271, '-157.95', 'Virement'),
(18, 199, '-530.37', 'Virement'),
(19, 231, '-53.16', 'Cheque'),
(20, 73, '-380.56', 'Virement'),
(21, 143, '-299.79', 'Guichet'),
(22, 176, '456.00', 'Virement'),
(23, 220, '-365.63', 'Cheque'),
(24, 218, '177.73', 'Guichet'),
(25, 262, '-580.61', 'Guichet'),
(26, 158, '-164.35', 'Virement'),
(27, 138, '-161.13', 'Virement'),
(28, 234, '49.73', 'Cheque'),
(29, 255, '584.67', 'Guichet'),
(30, 253, '-162.31', 'Cheque'),
(31, 226, '-109.97', 'Virement'),
(32, 148, '110.08', 'Virement'),
(33, 17, '159.58', 'Cheque'),
(34, 219, '159.84', 'Cheque'),
(35, 246, '-79.45', 'Virement'),
(36, 64, '307.61', 'Cheque'),
(37, 14, '96.85', 'Virement'),
(38, 206, '-165.71', 'Cheque'),
(39, 18, '64.23', 'Guichet'),
(40, 174, '-290.77', 'Cheque'),
(41, 249, '-177.58', 'Guichet'),
(42, 229, '52.28', 'Virement'),
(43, 245, '363.50', 'Cheque'),
(44, 247, '364.95', 'Virement'),
(45, 19, '-149.36', 'Guichet'),
(46, 85, '-174.97', 'Cheque'),
(47, 246, '-131.42', 'Cheque'),
(48, 54, '108.02', 'Guichet'),
(49, 144, '-0.90', 'Guichet'),
(50, 222, '293.42', 'Guichet'),
(51, 69, '-28.46', 'Cheque'),
(52, 212, '-284.68', 'Guichet'),
(53, 48, '539.84', 'Guichet'),
(54, 298, '-105.59', 'Cheque'),
(55, 19, '85.52', 'Cheque'),
(56, 290, '160.30', 'Cheque'),
(57, 48, '-168.18', 'Cheque'),
(58, 263, '-108.19', 'Cheque'),
(59, 126, '-277.73', 'Virement'),
(60, 275, '-247.11', 'Virement'),
(61, 229, '144.39', 'Cheque'),
(62, 235, '-163.08', 'Cheque'),
(63, 256, '467.47', 'Virement'),
(64, 89, '-140.02', 'Cheque'),
(65, 72, '43.55', 'Cheque'),
(66, 285, '-75.96', 'Virement'),
(67, 6, '-93.93', 'Cheque'),
(68, 238, '-433.92', 'Virement'),
(69, 164, '17.25', 'Cheque'),
(70, 176, '329.51', 'Guichet'),
(71, 150, '214.94', 'Guichet'),
(72, 153, '-113.57', 'Virement'),
(73, 159, '132.34', 'Guichet'),
(74, 109, '-37.69', 'Cheque'),
(75, 114, '387.99', 'Virement'),
(76, 61, '28.11', 'Virement'),
(77, 8, '140.56', 'Virement'),
(78, 87, '33.30', 'Cheque'),
(79, 95, '96.57', 'Virement'),
(80, 268, '-85.11', 'Cheque'),
(81, 17, '-75.76', 'Virement'),
(82, 182, '-120.80', 'Cheque'),
(83, 286, '348.13', 'Guichet'),
(84, 193, '-99.79', 'Guichet'),
(85, 222, '-227.06', 'Guichet'),
(86, 10, '-406.62', 'Guichet'),
(87, 169, '-93.80', 'Cheque'),
(88, 91, '-387.69', 'Guichet'),
(89, 153, '-19.83', 'Guichet'),
(90, 89, '-141.05', 'Virement'),
(91, 296, '82.75', 'Virement'),
(92, 192, '378.31', 'Guichet'),
(93, 165, '429.80', 'Guichet'),
(94, 185, '-91.86', 'Cheque'),
(95, 16, '139.31', 'Virement'),
(96, 196, '586.69', 'Virement'),
(97, 160, '12.14', 'Guichet'),
(98, 64, '-288.51', 'Guichet'),
(99, 58, '-279.95', 'Guichet'),
(100, 140, '3.85', 'Guichet'),
(101, 193, '-84.25', 'Guichet'),
(102, 211, '-170.13', 'Cheque'),
(103, 213, '325.68', 'Cheque'),
(104, 13, '526.86', 'Virement'),
(105, 87, '556.74', 'Guichet'),
(106, 160, '-283.00', 'Cheque'),
(107, 223, '152.93', 'Virement'),
(108, 138, '-198.11', 'Guichet'),
(109, 62, '414.16', 'Virement'),
(110, 256, '53.91', 'Virement'),
(111, 27, '-155.25', 'Cheque'),
(112, 8, '-35.99', 'Guichet'),
(113, 225, '-473.07', 'Guichet'),
(114, 55, '-48.67', 'Cheque'),
(115, 290, '12.01', 'Cheque'),
(116, 264, '-174.93', 'Cheque'),
(117, 221, '-411.30', 'Guichet'),
(118, 155, '-100.51', 'Cheque'),
(119, 255, '-456.02', 'Guichet'),
(120, 182, '-220.88', 'Guichet'),
(121, 269, '-284.69', 'Virement'),
(122, 56, '94.05', 'Guichet'),
(123, 191, '-203.28', 'Cheque'),
(124, 235, '123.74', 'Virement'),
(125, 50, '-138.97', 'Cheque'),
(126, 82, '-451.69', 'Guichet'),
(127, 185, '51.40', 'Cheque'),
(128, 158, '239.96', 'Cheque'),
(129, 37, '-68.99', 'Cheque'),
(130, 226, '-6.02', 'Virement'),
(131, 95, '86.65', 'Cheque'),
(132, 299, '-77.48', 'Cheque'),
(133, 44, '217.91', 'Virement'),
(134, 208, '298.76', 'Cheque'),
(135, 129, '310.12', 'Virement'),
(136, 192, '55.71', 'Guichet'),
(137, 192, '-351.45', 'Guichet'),
(138, 298, '286.31', 'Virement'),
(139, 278, '-373.88', 'Cheque'),
(140, 112, '37.35', 'Guichet'),
(141, 299, '-120.26', 'Virement'),
(142, 195, '198.58', 'Guichet'),
(143, 262, '19.53', 'Guichet'),
(144, 294, '-36.72', 'Virement'),
(145, 69, '540.33', 'Cheque'),
(146, 100, '404.51', 'Guichet'),
(147, 222, '101.55', 'Guichet'),
(148, 180, '-222.56', 'Cheque'),
(149, 73, '68.09', 'Virement'),
(150, 20, '-488.24', 'Cheque'),
(151, 189, '-436.17', 'Guichet'),
(152, 257, '-176.61', 'Guichet'),
(153, 105, '-210.03', 'Virement'),
(154, 228, '-322.00', 'Cheque'),
(155, 130, '308.29', 'Guichet'),
(156, 227, '81.16', 'Virement'),
(157, 145, '312.05', 'Virement'),
(158, 68, '215.66', 'Guichet'),
(159, 49, '59.71', 'Cheque'),
(160, 132, '323.48', 'Virement'),
(161, 276, '-85.41', 'Virement'),
(162, 175, '-488.64', 'Cheque'),
(163, 63, '181.70', 'Cheque'),
(164, 79, '33.96', 'Cheque'),
(165, 264, '-152.54', 'Guichet'),
(166, 150, '-194.75', 'Cheque'),
(167, 245, '-125.76', 'Guichet'),
(168, 219, '177.66', 'Virement'),
(169, 149, '46.83', 'Virement'),
(170, 289, '87.36', 'Guichet'),
(171, 56, '189.01', 'Cheque'),
(172, 42, '-214.31', 'Virement'),
(173, 70, '276.41', 'Virement'),
(174, 276, '68.68', 'Virement'),
(175, 270, '76.63', 'Virement'),
(176, 32, '-239.97', 'Virement'),
(177, 138, '203.55', 'Cheque'),
(178, 89, '-493.18', 'Virement'),
(179, 30, '81.22', 'Cheque'),
(180, 84, '-204.01', 'Virement'),
(181, 56, '281.22', 'Virement'),
(182, 57, '57.49', 'Guichet'),
(183, 8, '120.76', 'Cheque'),
(184, 240, '312.19', 'Cheque'),
(185, 91, '-550.91', 'Virement'),
(186, 110, '-53.09', 'Virement'),
(187, 24, '-93.73', 'Guichet'),
(188, 65, '636.41', 'Cheque'),
(189, 261, '-30.70', 'Virement'),
(190, 262, '23.79', 'Guichet'),
(191, 70, '15.59', 'Guichet'),
(192, 27, '319.91', 'Virement'),
(193, 134, '273.77', 'Virement'),
(194, 90, '247.87', 'Guichet'),
(195, 225, '-184.26', 'Virement'),
(196, 72, '322.83', 'Cheque'),
(197, 67, '-92.65', 'Virement'),
(198, 35, '-135.36', 'Cheque'),
(199, 292, '-111.80', 'Guichet'),
(200, 65, '146.80', 'Cheque'),
(201, 17, '-121.97', 'Cheque'),
(202, 177, '28.31', 'Virement'),
(203, 61, '-163.04', 'Guichet'),
(204, 118, '255.79', 'Virement'),
(205, 74, '-55.19', 'Guichet'),
(206, 139, '-8.51', 'Guichet'),
(207, 233, '248.15', 'Cheque'),
(208, 264, '255.83', 'Cheque'),
(209, 238, '-100.59', 'Virement'),
(210, 136, '-29.25', 'Cheque'),
(211, 36, '188.45', 'Guichet'),
(212, 295, '468.97', 'Virement'),
(213, 178, '-107.68', 'Cheque'),
(214, 31, '189.34', 'Guichet'),
(215, 178, '88.80', 'Cheque'),
(216, 243, '54.07', 'Guichet'),
(217, 63, '-24.20', 'Guichet'),
(218, 203, '193.42', 'Cheque'),
(219, 62, '128.80', 'Cheque'),
(220, 50, '132.54', 'Virement'),
(221, 8, '115.50', 'Guichet'),
(222, 240, '-336.18', 'Guichet'),
(223, 131, '-117.65', 'Guichet'),
(224, 275, '19.03', 'Virement'),
(225, 265, '124.36', 'Guichet'),
(226, 262, '333.36', 'Guichet'),
(227, 25, '85.68', 'Virement'),
(228, 188, '-204.20', 'Cheque'),
(229, 109, '-79.14', 'Virement'),
(230, 31, '-71.94', 'Virement'),
(231, 169, '191.10', 'Cheque'),
(232, 39, '522.50', 'Cheque'),
(233, 43, '-267.14', 'Guichet'),
(234, 79, '492.00', 'Virement'),
(235, 274, '-84.83', 'Cheque'),
(236, 275, '-223.70', 'Virement'),
(237, 125, '46.42', 'Virement'),
(238, 31, '379.07', 'Guichet'),
(239, 191, '457.70', 'Guichet'),
(240, 99, '-101.32', 'Cheque'),
(241, 284, '-157.24', 'Virement'),
(242, 78, '330.84', 'Guichet'),
(243, 113, '245.50', 'Guichet'),
(244, 139, '-66.35', 'Guichet'),
(245, 167, '-429.62', 'Cheque'),
(246, 142, '406.63', 'Guichet'),
(247, 158, '65.55', 'Guichet'),
(248, 250, '149.58', 'Guichet'),
(249, 214, '195.16', 'Cheque'),
(250, 294, '-433.49', 'Cheque'),
(251, 18, '350.35', 'Cheque'),
(252, 184, '26.64', 'Guichet'),
(253, 298, '-70.05', 'Virement'),
(254, 135, '-316.12', 'Virement'),
(255, 116, '-55.05', 'Guichet'),
(256, 237, '-234.73', 'Virement'),
(257, 134, '-334.77', 'Guichet'),
(258, 35, '-1.10', 'Virement'),
(259, 192, '514.78', 'Cheque'),
(260, 158, '-8.16', 'Guichet'),
(261, 112, '-123.62', 'Virement'),
(262, 125, '133.46', 'Cheque'),
(263, 28, '107.49', 'Guichet'),
(264, 184, '32.58', 'Cheque'),
(265, 158, '136.86', 'Cheque'),
(266, 266, '137.79', 'Cheque'),
(267, 276, '440.15', 'Virement'),
(268, 102, '-152.27', 'Virement'),
(269, 260, '-241.59', 'Cheque'),
(270, 124, '125.67', 'Cheque'),
(271, 264, '154.21', 'Cheque'),
(272, 266, '262.29', 'Guichet'),
(273, 37, '-19.61', 'Guichet'),
(274, 215, '-396.25', 'Guichet'),
(275, 53, '335.03', 'Guichet'),
(276, 205, '82.45', 'Cheque'),
(277, 197, '-80.85', 'Guichet'),
(278, 181, '-330.82', 'Guichet'),
(279, 71, '70.03', 'Guichet'),
(280, 27, '64.55', 'Virement'),
(281, 194, '-314.35', 'Guichet'),
(282, 229, '-180.10', 'Cheque'),
(283, 168, '35.58', 'Cheque'),
(284, 13, '7.95', 'Cheque'),
(285, 209, '-183.84', 'Guichet'),
(286, 276, '-94.08', 'Virement'),
(287, 194, '274.41', 'Virement'),
(288, 31, '223.67', 'Guichet'),
(289, 112, '-107.42', 'Guichet'),
(290, 110, '28.34', 'Cheque'),
(291, 228, '-250.36', 'Cheque'),
(292, 222, '192.69', 'Cheque'),
(293, 24, '-141.27', 'Virement'),
(294, 129, '158.52', 'Virement'),
(295, 227, '143.29', 'Guichet'),
(296, 34, '265.74', 'Cheque'),
(297, 257, '467.22', 'Cheque'),
(298, 227, '-138.22', 'Cheque'),
(299, 203, '-202.73', 'Virement'),
(300, 7, '-54.54', 'Cheque'),
(301, 182, '247.10', 'Guichet'),
(302, 235, '34.68', 'Guichet'),
(303, 137, '45.50', 'Cheque'),
(304, 213, '336.74', 'Virement'),
(305, 130, '-500.25', 'Virement'),
(306, 210, '194.29', 'Virement'),
(307, 217, '-9.97', 'Guichet'),
(308, 255, '-129.19', 'Virement'),
(309, 87, '-432.56', 'Guichet'),
(310, 40, '437.16', 'Guichet'),
(311, 144, '12.60', 'Cheque'),
(312, 291, '-316.09', 'Virement'),
(313, 122, '82.80', 'Virement'),
(314, 265, '410.27', 'Guichet'),
(315, 244, '464.72', 'Cheque'),
(316, 218, '-72.69', 'Cheque'),
(317, 201, '-169.88', 'Cheque'),
(318, 102, '-399.63', 'Virement'),
(319, 35, '211.03', 'Guichet'),
(320, 161, '494.23', 'Virement'),
(321, 252, '-34.95', 'Virement'),
(322, 175, '190.39', 'Guichet'),
(323, 114, '-170.98', 'Virement'),
(324, 292, '149.37', 'Cheque'),
(325, 193, '-239.16', 'Guichet'),
(326, 266, '129.81', 'Cheque'),
(327, 173, '411.37', 'Cheque'),
(328, 81, '298.87', 'Virement'),
(329, 18, '-231.03', 'Cheque'),
(330, 185, '-22.37', 'Guichet'),
(331, 232, '-68.24', 'Cheque'),
(332, 16, '58.33', 'Guichet'),
(333, 264, '92.85', 'Virement'),
(334, 7, '249.98', 'Virement'),
(335, 36, '74.00', 'Guichet'),
(336, 193, '133.88', 'Guichet'),
(337, 59, '-82.74', 'Guichet'),
(338, 98, '-243.39', 'Guichet'),
(339, 238, '150.91', 'Virement'),
(340, 79, '-89.15', 'Virement'),
(341, 112, '227.91', 'Guichet'),
(342, 146, '-101.71', 'Cheque'),
(343, 13, '131.47', 'Cheque'),
(344, 150, '-407.94', 'Cheque'),
(345, 88, '251.61', 'Cheque'),
(346, 69, '582.32', 'Virement'),
(347, 216, '139.46', 'Cheque'),
(348, 279, '498.71', 'Guichet'),
(349, 237, '301.81', 'Virement'),
(350, 296, '-114.01', 'Guichet'),
(351, 130, '217.69', 'Cheque'),
(352, 62, '-69.66', 'Guichet'),
(353, 120, '-287.61', 'Cheque'),
(354, 78, '-1.99', 'Cheque'),
(355, 282, '-164.21', 'Virement'),
(356, 201, '-332.67', 'Virement'),
(357, 251, '28.59', 'Virement'),
(358, 175, '217.04', 'Virement'),
(359, 223, '-378.36', 'Cheque'),
(360, 110, '330.24', 'Guichet'),
(361, 31, '-142.52', 'Cheque'),
(362, 247, '172.90', 'Guichet'),
(363, 36, '-4.35', 'Cheque'),
(364, 244, '-118.61', 'Virement'),
(365, 35, '-495.77', 'Cheque'),
(366, 174, '1.20', 'Cheque'),
(367, 168, '-245.08', 'Guichet'),
(368, 244, '-510.93', 'Cheque'),
(369, 158, '323.83', 'Guichet'),
(370, 115, '465.39', 'Guichet'),
(371, 90, '-281.56', 'Guichet'),
(372, 71, '198.38', 'Cheque'),
(373, 35, '-47.29', 'Guichet'),
(374, 223, '29.87', 'Virement'),
(375, 163, '150.61', 'Virement'),
(376, 48, '-42.46', 'Virement'),
(377, 4, '130.30', 'Cheque'),
(378, 18, '-435.67', 'Virement'),
(379, 121, '-295.69', 'Virement'),
(380, 137, '-271.42', 'Virement'),
(381, 149, '-282.38', 'Cheque'),
(382, 98, '-62.75', 'Cheque'),
(383, 287, '-274.47', 'Guichet'),
(384, 85, '-249.94', 'Virement'),
(385, 146, '-265.01', 'Cheque'),
(386, 229, '153.70', 'Virement'),
(387, 108, '17.06', 'Cheque'),
(388, 276, '-284.62', 'Cheque'),
(389, 163, '-109.25', 'Virement'),
(390, 105, '-85.96', 'Virement'),
(391, 8, '-70.12', 'Guichet'),
(392, 208, '-378.05', 'Guichet'),
(393, 41, '134.16', 'Guichet'),
(394, 292, '-202.66', 'Virement'),
(395, 248, '22.56', 'Guichet'),
(396, 294, '102.34', 'Guichet'),
(397, 138, '16.80', 'Virement'),
(398, 33, '61.00', 'Guichet'),
(399, 241, '-217.62', 'Guichet'),
(400, 65, '141.19', 'Guichet'),
(401, 233, '-71.69', 'Guichet'),
(402, 245, '-103.24', 'Virement'),
(403, 155, '-39.26', 'Guichet'),
(404, 182, '-142.86', 'Cheque'),
(405, 66, '98.13', 'Virement'),
(406, 117, '-56.14', 'Virement'),
(407, 205, '-14.38', 'Guichet'),
(408, 167, '235.81', 'Cheque'),
(409, 108, '-116.52', 'Virement'),
(410, 45, '-79.31', 'Virement'),
(411, 63, '-6.46', 'Guichet'),
(412, 117, '314.99', 'Cheque'),
(413, 36, '-177.73', 'Virement'),
(414, 287, '-51.11', 'Virement'),
(415, 168, '-89.37', 'Cheque'),
(416, 151, '19.37', 'Cheque'),
(417, 243, '-142.33', 'Cheque'),
(418, 5, '-224.73', 'Guichet'),
(419, 187, '-5.34', 'Cheque'),
(420, 225, '-124.58', 'Virement'),
(421, 237, '295.30', 'Guichet'),
(422, 225, '-394.19', 'Virement'),
(423, 55, '37.14', 'Virement'),
(424, 237, '-227.28', 'Guichet'),
(425, 83, '-34.01', 'Cheque'),
(426, 7, '-21.37', 'Virement'),
(427, 222, '-2.31', 'Cheque'),
(428, 85, '12.23', 'Virement'),
(429, 77, '57.56', 'Virement'),
(430, 41, '293.08', 'Guichet'),
(431, 234, '26.44', 'Guichet'),
(432, 25, '-151.03', 'Virement'),
(433, 256, '-39.77', 'Virement'),
(434, 109, '-85.97', 'Virement'),
(435, 137, '18.71', 'Guichet'),
(436, 162, '-171.77', 'Virement'),
(437, 295, '-157.77', 'Virement'),
(438, 260, '-149.86', 'Cheque'),
(439, 77, '215.51', 'Virement'),
(440, 63, '-205.42', 'Cheque'),
(441, 80, '115.01', 'Virement'),
(442, 110, '60.66', 'Guichet'),
(443, 6, '217.38', 'Virement'),
(444, 117, '376.08', 'Guichet'),
(445, 242, '-273.52', 'Virement'),
(446, 125, '-253.02', 'Cheque'),
(447, 2, '-75.62', 'Virement'),
(448, 242, '430.88', 'Guichet'),
(449, 12, '256.02', 'Cheque'),
(450, 273, '-108.88', 'Virement'),
(451, 18, '-196.71', 'Cheque'),
(452, 98, '-20.63', 'Cheque'),
(453, 297, '424.27', 'Virement'),
(454, 221, '-137.30', 'Virement'),
(455, 156, '171.33', 'Cheque'),
(456, 118, '381.56', 'Virement'),
(457, 79, '267.13', 'Guichet'),
(458, 280, '285.91', 'Guichet'),
(459, 255, '-147.73', 'Virement'),
(460, 159, '-28.71', 'Virement'),
(461, 92, '4.65', 'Virement'),
(462, 240, '-24.30', 'Cheque'),
(463, 210, '-261.92', 'Virement'),
(464, 93, '-17.31', 'Guichet'),
(465, 60, '-551.12', 'Cheque'),
(466, 143, '193.60', 'Guichet'),
(467, 175, '332.36', 'Guichet'),
(468, 171, '-496.11', 'Guichet'),
(469, 59, '438.19', 'Cheque'),
(470, 59, '125.60', 'Cheque'),
(471, 96, '-257.19', 'Cheque'),
(472, 153, '220.12', 'Guichet'),
(473, 240, '247.26', 'Cheque'),
(474, 50, '-167.11', 'Guichet'),
(475, 150, '-74.92', 'Virement'),
(476, 157, '61.84', 'Virement'),
(477, 265, '-134.30', 'Guichet'),
(478, 3, '-603.08', 'Virement'),
(479, 2, '-46.11', 'Guichet'),
(480, 254, '-91.45', 'Cheque'),
(481, 264, '-174.66', 'Virement'),
(482, 63, '-120.24', 'Cheque'),
(483, 270, '-175.50', 'Cheque'),
(484, 210, '171.74', 'Guichet'),
(485, 2, '-51.20', 'Virement'),
(486, 141, '258.17', 'Guichet'),
(487, 220, '-40.55', 'Cheque'),
(488, 77, '509.44', 'Virement'),
(489, 218, '15.67', 'Cheque'),
(490, 168, '-235.20', 'Guichet'),
(491, 275, '61.09', 'Virement'),
(492, 238, '-431.76', 'Cheque'),
(493, 248, '-214.52', 'Guichet'),
(494, 221, '141.67', 'Guichet'),
(495, 106, '292.07', 'Virement'),
(496, 283, '-236.15', 'Virement'),
(497, 134, '-11.60', 'Virement'),
(498, 138, '389.84', 'Cheque'),
(499, 225, '203.10', 'Guichet'),
(500, 298, '-26.68', 'Cheque'),
(501, 147, '505.97', 'Cheque'),
(502, 46, '295.67', 'Virement'),
(503, 157, '20.07', 'Guichet'),
(504, 35, '-393.10', 'Guichet'),
(505, 133, '19.10', 'Virement'),
(506, 47, '482.50', 'Cheque'),
(507, 38, '191.78', 'Virement'),
(508, 153, '323.37', 'Virement'),
(509, 100, '88.98', 'Cheque'),
(510, 183, '456.36', 'Guichet'),
(511, 34, '-176.34', 'Guichet'),
(512, 95, '-264.51', 'Guichet'),
(513, 95, '227.57', 'Guichet'),
(514, 29, '-338.80', 'Guichet'),
(515, 181, '-391.03', 'Guichet'),
(516, 112, '-302.38', 'Guichet'),
(517, 22, '-0.20', 'Virement'),
(518, 209, '-54.40', 'Virement'),
(519, 253, '264.57', 'Guichet'),
(520, 11, '180.93', 'Guichet'),
(521, 280, '-24.65', 'Virement'),
(522, 104, '206.45', 'Guichet'),
(523, 230, '-129.11', 'Cheque'),
(524, 172, '365.26', 'Cheque'),
(525, 107, '-724.86', 'Cheque'),
(526, 125, '-357.13', 'Virement'),
(527, 204, '121.93', 'Guichet'),
(528, 233, '131.91', 'Cheque'),
(529, 41, '-51.33', 'Cheque'),
(530, 221, '-490.82', 'Virement'),
(531, 239, '11.02', 'Guichet'),
(532, 62, '-239.78', 'Virement'),
(533, 77, '299.15', 'Virement'),
(534, 115, '219.99', 'Virement'),
(535, 204, '93.91', 'Cheque'),
(536, 10, '-269.41', 'Virement'),
(537, 292, '-28.69', 'Guichet'),
(538, 264, '355.81', 'Guichet'),
(539, 95, '746.97', 'Guichet'),
(540, 90, '67.75', 'Guichet'),
(541, 243, '-630.63', 'Guichet'),
(542, 185, '-12.21', 'Cheque'),
(543, 86, '131.80', 'Virement'),
(544, 11, '49.06', 'Cheque'),
(545, 271, '-403.89', 'Virement'),
(546, 250, '-442.44', 'Guichet'),
(547, 196, '-462.06', 'Guichet'),
(548, 66, '-135.92', 'Virement'),
(549, 143, '400.17', 'Virement'),
(550, 76, '119.44', 'Guichet'),
(551, 74, '15.05', 'Virement'),
(552, 33, '87.84', 'Guichet'),
(553, 61, '12.08', 'Guichet'),
(554, 103, '-25.62', 'Guichet'),
(555, 189, '-85.07', 'Cheque'),
(556, 11, '29.09', 'Cheque'),
(557, 22, '-49.99', 'Guichet'),
(558, 88, '359.46', 'Cheque'),
(559, 143, '195.29', 'Virement'),
(560, 132, '-419.84', 'Guichet'),
(561, 30, '110.04', 'Cheque'),
(562, 159, '0.13', 'Virement'),
(563, 177, '514.75', 'Virement'),
(564, 270, '121.10', 'Guichet'),
(565, 268, '182.84', 'Guichet'),
(566, 220, '145.46', 'Guichet'),
(567, 17, '-483.18', 'Virement'),
(568, 75, '-278.82', 'Guichet'),
(569, 290, '-275.04', 'Cheque'),
(570, 288, '221.57', 'Cheque'),
(571, 256, '-6.62', 'Guichet'),
(572, 184, '177.37', 'Cheque'),
(573, 97, '-84.88', 'Cheque'),
(574, 228, '-287.36', 'Guichet'),
(575, 4, '-98.99', 'Cheque'),
(576, 249, '42.48', 'Guichet'),
(577, 164, '271.47', 'Virement'),
(578, 103, '-114.40', 'Virement'),
(579, 127, '23.11', 'Cheque'),
(580, 241, '897.30', 'Virement'),
(581, 111, '-242.51', 'Guichet'),
(582, 1, '20.17', 'Virement'),
(583, 222, '15.20', 'Cheque'),
(584, 288, '-134.80', 'Cheque'),
(585, 178, '-247.11', 'Virement'),
(586, 300, '-350.08', 'Cheque'),
(587, 288, '398.12', 'Virement'),
(588, 196, '317.55', 'Cheque'),
(589, 246, '-146.47', 'Guichet'),
(590, 195, '-110.18', 'Guichet'),
(591, 205, '-172.63', 'Cheque'),
(592, 153, '-16.73', 'Guichet'),
(593, 61, '-253.61', 'Virement'),
(594, 38, '197.50', 'Cheque'),
(595, 213, '-52.65', 'Cheque'),
(596, 147, '38.84', 'Guichet'),
(597, 136, '142.41', 'Guichet'),
(598, 87, '-182.54', 'Guichet'),
(599, 47, '236.51', 'Cheque'),
(600, 44, '14.26', 'Guichet'),
(601, 59, '164.93', 'Guichet'),
(602, 230, '-420.73', 'Guichet'),
(603, 300, '-407.87', 'Guichet'),
(604, 263, '583.42', 'Virement'),
(605, 102, '-204.43', 'Virement'),
(606, 231, '178.20', 'Cheque'),
(607, 3, '-37.30', 'Guichet'),
(608, 156, '-90.18', 'Cheque'),
(609, 273, '-247.43', 'Virement'),
(610, 139, '-260.43', 'Cheque'),
(611, 234, '119.24', 'Cheque'),
(612, 203, '-87.04', 'Virement'),
(613, 240, '166.39', 'Virement'),
(614, 267, '309.21', 'Guichet'),
(615, 252, '-92.17', 'Cheque'),
(616, 125, '333.69', 'Cheque'),
(617, 215, '146.80', 'Virement'),
(618, 127, '171.26', 'Cheque'),
(619, 117, '105.16', 'Cheque'),
(620, 257, '-103.39', 'Guichet'),
(621, 123, '68.41', 'Cheque'),
(622, 170, '-174.45', 'Virement'),
(623, 219, '45.21', 'Cheque'),
(624, 247, '-404.58', 'Virement'),
(625, 137, '-841.13', 'Guichet'),
(626, 20, '532.69', 'Cheque'),
(627, 268, '-53.36', 'Guichet'),
(628, 9, '191.42', 'Guichet'),
(629, 29, '79.57', 'Guichet'),
(630, 14, '-422.82', 'Guichet'),
(631, 192, '157.23', 'Guichet'),
(632, 191, '146.46', 'Guichet'),
(633, 226, '53.47', 'Virement'),
(634, 30, '31.49', 'Virement'),
(635, 83, '328.41', 'Cheque'),
(636, 41, '420.60', 'Cheque'),
(637, 53, '221.37', 'Virement'),
(638, 6, '-1.90', 'Virement'),
(639, 213, '-103.72', 'Virement'),
(640, 157, '-560.73', 'Guichet'),
(641, 40, '-54.05', 'Guichet'),
(642, 89, '477.20', 'Guichet'),
(643, 112, '-134.14', 'Virement'),
(644, 104, '-320.48', 'Guichet'),
(645, 283, '-492.11', 'Guichet'),
(646, 39, '153.98', 'Cheque'),
(647, 139, '6.77', 'Virement'),
(648, 289, '138.01', 'Virement'),
(649, 31, '389.38', 'Virement'),
(650, 1, '26.19', 'Guichet'),
(651, 67, '-108.00', 'Virement'),
(652, 3, '201.51', 'Virement'),
(653, 16, '119.83', 'Guichet'),
(654, 288, '-135.47', 'Virement'),
(655, 144, '-19.16', 'Virement'),
(656, 288, '213.32', 'Cheque'),
(657, 174, '-212.05', 'Cheque'),
(658, 170, '-43.62', 'Virement'),
(659, 65, '-47.97', 'Cheque'),
(660, 60, '-414.21', 'Virement'),
(661, 133, '128.17', 'Virement'),
(662, 294, '-122.76', 'Guichet'),
(663, 56, '188.72', 'Cheque'),
(664, 82, '225.89', 'Virement'),
(665, 65, '-503.25', 'Cheque'),
(666, 174, '-92.82', 'Guichet'),
(667, 188, '201.97', 'Cheque'),
(668, 155, '-89.13', 'Cheque'),
(669, 64, '-222.23', 'Virement'),
(670, 217, '112.05', 'Cheque'),
(671, 218, '-220.41', 'Cheque'),
(672, 103, '192.00', 'Cheque'),
(673, 210, '199.26', 'Cheque'),
(674, 119, '414.41', 'Cheque'),
(675, 70, '-147.54', 'Virement'),
(676, 298, '93.35', 'Guichet'),
(677, 257, '244.05', 'Cheque'),
(678, 109, '-75.20', 'Guichet'),
(679, 79, '16.10', 'Cheque'),
(680, 283, '-367.86', 'Cheque'),
(681, 37, '487.43', 'Virement'),
(682, 134, '26.60', 'Guichet'),
(683, 288, '-173.87', 'Guichet'),
(684, 277, '-253.53', 'Cheque'),
(685, 228, '-451.68', 'Virement'),
(686, 281, '300.45', 'Virement'),
(687, 92, '-97.18', 'Cheque'),
(688, 31, '100.94', 'Cheque'),
(689, 219, '-579.62', 'Cheque'),
(690, 12, '134.48', 'Guichet'),
(691, 118, '65.36', 'Guichet'),
(692, 276, '-11.60', 'Cheque'),
(693, 108, '-127.66', 'Virement'),
(694, 298, '97.48', 'Guichet'),
(695, 174, '83.21', 'Virement'),
(696, 280, '380.72', 'Guichet'),
(697, 173, '-61.10', 'Guichet'),
(698, 206, '-54.53', 'Virement'),
(699, 111, '-90.75', 'Cheque'),
(700, 162, '-376.20', 'Cheque'),
(701, 111, '165.11', 'Virement'),
(702, 173, '232.84', 'Guichet'),
(703, 62, '501.61', 'Virement'),
(704, 31, '166.09', 'Cheque'),
(705, 31, '-53.12', 'Virement'),
(706, 41, '267.68', 'Virement'),
(707, 300, '69.39', 'Cheque'),
(708, 94, '-18.36', 'Virement'),
(709, 165, '526.52', 'Virement'),
(710, 296, '-553.28', 'Cheque'),
(711, 175, '22.23', 'Virement'),
(712, 148, '-116.71', 'Virement'),
(713, 232, '10.74', 'Cheque'),
(714, 173, '61.45', 'Virement'),
(715, 134, '-521.50', 'Cheque'),
(716, 261, '-233.68', 'Cheque'),
(717, 58, '-337.78', 'Virement'),
(718, 54, '686.81', 'Guichet'),
(719, 169, '184.37', 'Virement'),
(720, 106, '551.20', 'Guichet'),
(721, 108, '481.06', 'Cheque'),
(722, 1, '307.93', 'Cheque'),
(723, 37, '554.59', 'Cheque'),
(724, 67, '128.62', 'Cheque'),
(725, 276, '55.54', 'Cheque'),
(726, 177, '-88.83', 'Guichet'),
(727, 18, '61.38', 'Guichet'),
(728, 300, '-182.17', 'Virement'),
(729, 46, '82.16', 'Virement'),
(730, 227, '214.90', 'Cheque'),
(731, 61, '-141.42', 'Cheque'),
(732, 252, '-110.61', 'Cheque'),
(733, 174, '188.24', 'Guichet'),
(734, 154, '-32.30', 'Guichet'),
(735, 218, '-25.00', 'Virement'),
(736, 196, '-65.39', 'Cheque'),
(737, 166, '-109.35', 'Cheque'),
(738, 159, '240.80', 'Guichet'),
(739, 240, '-48.18', 'Cheque'),
(740, 191, '194.68', 'Virement'),
(741, 81, '197.28', 'Cheque'),
(742, 221, '-119.61', 'Virement'),
(743, 213, '143.47', 'Virement'),
(744, 97, '64.02', 'Virement'),
(745, 69, '64.56', 'Virement'),
(746, 231, '147.48', 'Virement'),
(747, 62, '54.44', 'Guichet'),
(748, 236, '25.23', 'Cheque'),
(749, 96, '80.41', 'Guichet'),
(750, 289, '-51.03', 'Cheque'),
(751, 206, '452.17', 'Virement'),
(752, 49, '6.90', 'Virement'),
(753, 30, '-199.49', 'Cheque'),
(754, 118, '-138.19', 'Cheque'),
(755, 39, '172.44', 'Guichet'),
(756, 199, '-78.70', 'Virement'),
(757, 193, '-215.42', 'Cheque'),
(758, 253, '-51.12', 'Guichet'),
(759, 232, '-322.00', 'Guichet'),
(760, 34, '-6.21', 'Virement'),
(761, 268, '195.04', 'Guichet'),
(762, 270, '-382.69', 'Guichet'),
(763, 11, '29.64', 'Virement'),
(764, 273, '133.47', 'Virement'),
(765, 291, '-322.59', 'Cheque'),
(766, 56, '-116.13', 'Virement'),
(767, 126, '140.70', 'Cheque'),
(768, 223, '-118.88', 'Cheque'),
(769, 64, '-231.72', 'Guichet'),
(770, 69, '298.50', 'Virement'),
(771, 230, '192.56', 'Virement'),
(772, 38, '222.22', 'Virement'),
(773, 265, '-233.16', 'Virement'),
(774, 58, '-179.96', 'Cheque'),
(775, 91, '-285.09', 'Cheque'),
(776, 136, '-125.84', 'Guichet'),
(777, 195, '-101.52', 'Cheque'),
(778, 151, '-386.49', 'Cheque'),
(779, 282, '-68.73', 'Virement'),
(780, 195, '-191.43', 'Cheque'),
(781, 26, '54.51', 'Cheque'),
(782, 151, '214.67', 'Cheque'),
(783, 103, '71.77', 'Guichet'),
(784, 285, '399.17', 'Guichet'),
(785, 46, '137.79', 'Virement'),
(786, 34, '-22.19', 'Guichet'),
(787, 59, '54.53', 'Virement'),
(788, 297, '61.47', 'Guichet'),
(789, 188, '24.65', 'Virement'),
(790, 244, '-207.80', 'Guichet'),
(791, 275, '8.30', 'Guichet'),
(792, 46, '398.79', 'Cheque'),
(793, 210, '-123.39', 'Cheque'),
(794, 36, '215.02', 'Cheque'),
(795, 288, '291.69', 'Guichet'),
(796, 94, '137.06', 'Guichet'),
(797, 175, '386.75', 'Virement'),
(798, 29, '-302.87', 'Virement'),
(799, 237, '88.50', 'Cheque'),
(800, 238, '502.95', 'Guichet'),
(801, 269, '18.46', 'Guichet'),
(802, 106, '-184.40', 'Cheque'),
(803, 263, '55.17', 'Guichet'),
(804, 244, '179.17', 'Virement'),
(805, 278, '-328.31', 'Cheque'),
(806, 48, '-6.81', 'Virement'),
(807, 296, '-80.14', 'Guichet'),
(808, 56, '145.53', 'Guichet'),
(809, 147, '-349.65', 'Virement'),
(810, 172, '-160.57', 'Cheque'),
(811, 210, '-115.63', 'Cheque'),
(812, 272, '75.56', 'Guichet'),
(813, 252, '204.81', 'Virement'),
(814, 44, '43.25', 'Virement'),
(815, 247, '25.73', 'Virement'),
(816, 131, '-59.40', 'Cheque'),
(817, 141, '-27.33', 'Virement'),
(818, 160, '-258.31', 'Virement'),
(819, 52, '99.48', 'Cheque'),
(820, 54, '33.83', 'Cheque'),
(821, 28, '325.90', 'Cheque'),
(822, 215, '455.11', 'Cheque'),
(823, 265, '176.87', 'Virement'),
(824, 241, '243.06', 'Cheque'),
(825, 12, '-73.02', 'Virement'),
(826, 201, '31.13', 'Guichet'),
(827, 152, '-278.76', 'Virement'),
(828, 181, '140.40', 'Guichet'),
(829, 66, '201.91', 'Cheque'),
(830, 42, '142.54', 'Virement'),
(831, 245, '-298.02', 'Cheque'),
(832, 145, '-328.62', 'Cheque'),
(833, 111, '36.05', 'Guichet'),
(834, 228, '414.13', 'Guichet'),
(835, 29, '35.97', 'Guichet'),
(836, 1, '-360.29', 'Guichet'),
(837, 177, '-7.15', 'Guichet'),
(838, 222, '124.59', 'Cheque'),
(839, 69, '204.92', 'Virement'),
(840, 187, '-202.88', 'Cheque'),
(841, 35, '-165.64', 'Cheque'),
(842, 195, '213.15', 'Guichet'),
(843, 25, '73.56', 'Virement'),
(844, 243, '526.29', 'Virement'),
(845, 170, '-249.54', 'Guichet'),
(846, 25, '72.73', 'Virement'),
(847, 75, '217.24', 'Cheque'),
(848, 297, '2.59', 'Virement'),
(849, 142, '197.96', 'Guichet'),
(850, 38, '-299.83', 'Cheque'),
(851, 96, '-379.11', 'Virement'),
(852, 295, '227.02', 'Cheque'),
(853, 212, '41.54', 'Virement'),
(854, 159, '-40.56', 'Cheque'),
(855, 254, '361.57', 'Virement'),
(856, 284, '262.04', 'Guichet'),
(857, 227, '548.72', 'Cheque'),
(858, 91, '-136.00', 'Virement'),
(859, 254, '-139.02', 'Virement'),
(860, 215, '-377.60', 'Virement'),
(861, 48, '-138.35', 'Virement'),
(862, 185, '-100.48', 'Virement'),
(863, 167, '198.73', 'Guichet'),
(864, 211, '-10.62', 'Guichet'),
(865, 84, '-41.18', 'Cheque'),
(866, 37, '-80.28', 'Guichet'),
(867, 10, '204.55', 'Guichet'),
(868, 33, '-196.10', 'Cheque'),
(869, 203, '-115.64', 'Guichet'),
(870, 79, '5.52', 'Virement'),
(871, 188, '-219.99', 'Virement'),
(872, 194, '46.87', 'Virement'),
(873, 183, '282.64', 'Cheque'),
(874, 26, '15.78', 'Cheque'),
(875, 174, '-192.99', 'Guichet'),
(876, 242, '-353.88', 'Cheque'),
(877, 106, '-257.45', 'Cheque'),
(878, 34, '-290.39', 'Cheque'),
(879, 298, '65.82', 'Cheque'),
(880, 126, '103.44', 'Virement'),
(881, 3, '45.23', 'Cheque'),
(882, 244, '192.23', 'Guichet'),
(883, 37, '-249.45', 'Cheque'),
(884, 262, '-169.52', 'Virement'),
(885, 145, '77.24', 'Virement'),
(886, 244, '-158.51', 'Virement'),
(887, 17, '20.08', 'Virement'),
(888, 268, '-35.06', 'Cheque'),
(889, 51, '156.61', 'Guichet'),
(890, 216, '-211.04', 'Guichet'),
(891, 295, '245.79', 'Virement'),
(892, 294, '35.08', 'Cheque'),
(893, 26, '-454.46', 'Virement'),
(894, 125, '-243.22', 'Cheque'),
(895, 116, '62.98', 'Guichet'),
(896, 300, '-221.83', 'Cheque'),
(897, 99, '-149.98', 'Cheque'),
(898, 155, '-225.45', 'Virement'),
(899, 126, '-62.33', 'Cheque'),
(900, 59, '401.10', 'Virement'),
(901, 143, '161.33', 'Guichet'),
(902, 112, '76.60', 'Virement'),
(903, 92, '-362.34', 'Cheque'),
(904, 115, '-52.66', 'Guichet'),
(905, 18, '-314.56', 'Cheque'),
(906, 15, '185.60', 'Virement'),
(907, 69, '-87.87', 'Cheque'),
(908, 92, '184.66', 'Virement'),
(909, 5, '-210.97', 'Guichet'),
(910, 128, '-292.12', 'Cheque'),
(911, 162, '-245.10', 'Cheque'),
(912, 287, '-235.60', 'Guichet'),
(913, 283, '-126.94', 'Guichet'),
(914, 50, '112.63', 'Guichet'),
(915, 187, '-184.68', 'Guichet'),
(916, 23, '495.62', 'Virement'),
(917, 58, '262.55', 'Cheque'),
(918, 270, '579.79', 'Virement'),
(919, 133, '88.52', 'Virement'),
(920, 169, '-149.45', 'Virement'),
(921, 249, '332.61', 'Virement'),
(922, 182, '-52.15', 'Virement'),
(923, 149, '-277.32', 'Guichet'),
(924, 166, '-398.91', 'Virement'),
(925, 111, '267.93', 'Guichet'),
(926, 289, '475.95', 'Guichet'),
(927, 55, '-65.60', 'Virement'),
(928, 107, '-390.96', 'Guichet'),
(929, 145, '99.17', 'Guichet'),
(930, 193, '177.06', 'Cheque'),
(931, 111, '-78.53', 'Cheque'),
(932, 121, '164.64', 'Cheque'),
(933, 138, '-206.95', 'Cheque'),
(934, 238, '-441.82', 'Virement'),
(935, 261, '157.32', 'Guichet'),
(936, 147, '177.44', 'Guichet'),
(937, 233, '377.74', 'Cheque'),
(938, 198, '355.12', 'Virement'),
(939, 229, '-241.31', 'Guichet'),
(940, 266, '-92.21', 'Cheque'),
(941, 217, '-187.73', 'Guichet'),
(942, 162, '101.60', 'Guichet'),
(943, 187, '-74.37', 'Cheque'),
(944, 12, '-439.24', 'Cheque'),
(945, 276, '-443.04', 'Guichet'),
(946, 226, '-334.40', 'Virement'),
(947, 139, '53.48', 'Virement'),
(948, 90, '-228.89', 'Cheque'),
(949, 49, '-152.98', 'Cheque'),
(950, 236, '388.82', 'Cheque'),
(951, 42, '-192.87', 'Virement'),
(952, 234, '500.99', 'Guichet'),
(953, 56, '-468.26', 'Guichet'),
(954, 225, '93.54', 'Guichet'),
(955, 60, '354.59', 'Guichet'),
(956, 181, '-125.87', 'Guichet'),
(957, 230, '416.71', 'Virement'),
(958, 59, '274.60', 'Cheque'),
(959, 103, '389.96', 'Virement'),
(960, 115, '-81.04', 'Guichet'),
(961, 104, '338.67', 'Cheque'),
(962, 268, '69.31', 'Guichet'),
(963, 126, '-228.30', 'Guichet'),
(964, 288, '108.92', 'Virement'),
(965, 30, '105.35', 'Virement'),
(966, 111, '-546.86', 'Virement'),
(967, 16, '-194.17', 'Virement'),
(968, 12, '-266.05', 'Guichet'),
(969, 168, '70.16', 'Guichet'),
(970, 298, '220.71', 'Guichet'),
(971, 269, '13.48', 'Virement'),
(972, 225, '311.48', 'Cheque'),
(973, 132, '31.80', 'Virement'),
(974, 193, '-245.53', 'Cheque'),
(975, 263, '202.41', 'Virement'),
(976, 170, '-402.01', 'Virement'),
(977, 233, '35.93', 'Guichet'),
(978, 120, '119.08', 'Guichet'),
(979, 27, '329.60', 'Guichet'),
(980, 281, '-120.18', 'Guichet'),
(981, 36, '-67.98', 'Guichet'),
(982, 60, '128.33', 'Cheque'),
(983, 295, '169.69', 'Virement'),
(984, 36, '465.54', 'Guichet'),
(985, 208, '-349.68', 'Cheque'),
(986, 89, '298.15', 'Guichet'),
(987, 41, '-172.57', 'Guichet'),
(988, 19, '30.62', 'Cheque'),
(989, 84, '-152.60', 'Guichet'),
(990, 69, '222.27', 'Virement'),
(991, 49, '-22.17', 'Virement'),
(992, 256, '-322.08', 'Virement'),
(993, 156, '-40.31', 'Virement'),
(994, 299, '-391.50', 'Cheque'),
(995, 217, '40.83', 'Guichet'),
(996, 278, '-96.10', 'Guichet'),
(997, 166, '123.31', 'Cheque'),
(998, 238, '165.46', 'Guichet'),
(999, 163, '136.61', 'Virement'),
(1000, 228, '-40.27', 'Cheque');

--
-- Index pour les tables déchargées
--

--
-- Index pour la table `client`
--
ALTER TABLE `client`
  ADD PRIMARY KEY (`idclient`);

--
-- Index pour la table `compte`
--
ALTER TABLE `compte`
  ADD PRIMARY KEY (`idcompte`);

--
-- Index pour la table `operation`
--
ALTER TABLE `operation`
  ADD PRIMARY KEY (`idop`);
COMMIT;

/*!40101 SET CHARACTER_SET_CLIENT=@OLD_CHARACTER_SET_CLIENT */;
/*!40101 SET CHARACTER_SET_RESULTS=@OLD_CHARACTER_SET_RESULTS */;
/*!40101 SET COLLATION_CONNECTION=@OLD_COLLATION_CONNECTION */;
